{
	"name": "roulette",
	"title": "jQuery Roulette Image",
	"description": "jQuery plugin for roulette image.",
	"keywords": [
		"roulette",
		"image"
	],
	"version": "1.0.9",
	"author": {
		"name": "Akira Kuriyama",
		"url": "http://d.hatena.ne.jp/shepherdMaster"
	},
	"licenses": [
		{
			"type": "MIT",
			"url": "https://github.com/akira-kuriyama/roulette.js/blob/master/MIT-LICENSE.txt"
		}
	],
	"bugs": "https://github.com/akira-kuriyama/roulette.js/issues",
	"demo": "http://demo.st-marron.info/roulette/sample/demo.html",
	"dependencies": {
		"jquery": ">=1.8"
	}
}
